t_s,depth_m,roll_deg,pitch_deg,yaw_deg,north_m,east_m,down_m,vx,vy,vz,batt_v,batt_a,servo1,servo2,servo3,servo4,servo5,servo6,servo7,servo8
0.002,,,,,,,,,,,,,,,,,,,,
0.1,,,,,,,,,,,,,,,,,,,,
0.2,0.395,0.02,0.12,145.61,-0.957,2.14,0.125,0.003,-0.032,0.04,12.6,0.0,1500,1500,1500,1500,1500,1500,1500,1500
0.3,0.401,0.02,0.12,145.62,-0.958,2.14,0.131,0.003,-0.032,0.041,12.6,0.0,1500,1500,1500,1500,1500,1500,1500,1500
0.4,0.409,0.02,0.12,145.62,-0.958,2.14,0.139,0.002,-0.032,0.044,12.6,0.0,1500,1500,1500,1500,1500,1500,1500,1500
0.5,0.409,0.02,0.12,145.62,-0.959,2.14,0.139,0.002,-0.032,0.04,12.6,0.0,1500,1500,1500,1500,1500,1500,1500,1500
0.6,0.397,0.01,0.11,145.63,-0.96,2.14,0.127,0.002,-0.032,0.026,12.6,0.0,1500,1500,1500,1500,1500,1500,1500,1500
0.7,0.374,0.01,0.11,145.63,-0.961,2.139,0.104,0.002,-0.032,0.005,12.6,0.0,1500,1500,1500,1500,1500,1500,1500,1500
0.8,0.356,0.01,0.11,145.64,-0.961,2.14,0.086,0.002,-0.031,-0.009,12.6,0.0,1500,1500,1500,1500,1500,1500,1500,1500
0.9,0.332,0.01,0.11,145.64,-0.962,2.139,0.062,0.001,-0.031,-0.027,12.6,0.0,1500,1500,1500,1500,1500,1500,1500,1500
1.0,0.302,0.0,0.11,145.65,-0.963,2.14,0.032,0.001,-0.029,-0.047,12.6,0.0,1500,1500,1500,1500,1500,1500,1500,1500
1.1,0.284,0.0,0.11,145.65,-0.963,2.14,0.014,0.001,-0.029,-0.056,12.6,0.0,1500,1500,1500,1500,1500,1500,1500,1500
1.2,0.278,0.01,0.11,145.65,-0.964,2.141,0.008,0.001,-0.027,-0.055,12.6,0.0,1500,1500,1500,1500,1500,1500,1500,1500
1.3,0.284,0.01,0.11,145.65,-0.964,2.141,0.014,0.001,-0.026,-0.044,12.6,0.0,1500,1500,1500,1500,1500,1500,1500,1500
1.4,0.282,0.01,0.11,145.66,-0.965,2.142,0.012,0.001,-0.024,-0.042,12.6,0.0,1500,1500,1500,1500,1500,1500,1500,1500
1.5,0.286,0.01,0.11,145.66,-0.965,2.143,0.016,0.001,-0.023,-0.036,12.6,0.0,1500,1500,1500,1500,1500,1500,1500,1500
1.6,0.297,0.01,0.11,145.66,-0.966,2.144,0.027,0.0,-0.021,-0.026,12.6,0.0,1500,1500,1500,1500,1500,1500,1500,1500
1.7,0.301,0.02,0.12,145.67,-0.966,2.145,0.031,0.0,-0.019,-0.022,12.6,0.0,1500,1500,1500,1500,1500,1500,1500,1500
1.8,0.309,0.02,0.12,145.67,-0.967,2.147,0.039,-0.0,-0.017,-0.016,12.6,0.0,1500,1500,1500,1500,1500,1500,1500,1500
1.9,0.324,0.02,0.12,145.67,-0.967,2.148,0.054,-0.0,-0.015,-0.004,12.6,0.0,1500,1500,1500,1500,1500,1500,1500,1500
2.0,0.336,0.02,0.12,145.68,-0.967,2.15,0.066,-0.0,-0.012,0.004,12.6,0.0,1500,1500,1500,1500,1500,1500,1500,1500
2.1,0.348,0.02,0.12,145.68,-0.968,2.152,0.078,-0.001,-0.01,0.012,12.6,0.0,1500,1500,1500,1500,1500,1500,1500,1500
2.2,0.35,0.02,0.12,145.68,-0.968,2.154,0.08,-0.001,-0.008,0.01,12.6,0.0,1500,1500,1500,1500,1500,1500,1500,1500
2.3,0.341,0.02,0.12,145.69,-0.969,2.155,0.071,-0.001,-0.006,-0.0,12.6,0.0,1500,1500,1500,1500,1500,1500,1500,1500
2.4,0.335,0.02,0.12,145.69,-0.969,2.157,0.065,-0.002,-0.004,-0.006,12.6,0.0,1500,1500,1500,1500,1500,1500,1500,1500
2.5,0.335,0.02,0.12,145.69,-0.969,2.158,0.065,-0.002,-0.002,-0.005,12.6,0.0,1500,1500,1500,1500,1500,1500,1500,1500
2.6,0.34,0.03,0.13,145.7,-0.97,2.16,0.07,-0.002,-0.001,-0.0,12.6,0.0,1500,1500,1500,1500,1500,1500,1500,1500
2.7,0.345,0.03,0.13,145.7,-0.97,2.162,0.075,-0.002,0.0,0.003,12.6,0.0,1500,1500,1500,1500,1500,1500,1500,1500
2.8,0.345,0.03,0.13,145.7,-0.97,2.163,0.075,-0.002,0.002,0.003,12.6,0.0,1500,1500,1500,1500,1500,1500,1500,1500
2.9,0.351,0.03,0.13,145.71,-0.97,2.164,0.081,-0.002,0.002,0.007,12.6,0.0,1500,1500,1500,1500,1500,1500,1500,1500
3.0,0.347,0.03,0.13,145.71,-0.971,2.166,0.077,-0.002,0.003,0.002,12.6,0.0,1500,1500,1500,1500,1500,1500,1500,1500
3.1,0.334,0.03,0.13,145.71,-0.971,2.167,0.064,-0.002,0.004,-0.009,12.6,0.0,1500,1500,1500,1500,1500,1500,1500,1500
3.2,0.318,0.03,0.14,145.72,-0.971,2.168,0.048,-0.002,0.005,-0.005,12.2,12.0,1500,1500,1500,1500,1700,1700,1700,1700
3.3,0.312,0.03,0.14,145.72,-0.971,2.169,0.042,-0.002,0.005,0.095,12.2,12.0,1500,1500,1500,1500,1700,1700,1700,1700
3.4,0.324,0.04,0.14,145.72,-0.972,2.17,0.054,-0.003,0.006,0.192,12.2,12.0,1500,1500,1500,1500,1700,1700,1700,1700
3.5,0.358,0.04,0.14,145.73,-0.972,2.17,0.088,-0.002,0.006,0.28,12.2,12.0,1500,1500,1500,1500,1700,1700,1700,1700
3.6,0.394,0.04,0.14,145.73,-0.972,2.171,0.124,-0.003,0.006,0.341,12.2,12.0,1500,1500,1500,1500,1700,1700,1700,1700
3.7,0.429,0.04,0.14,145.73,-0.973,2.171,0.159,-0.003,0.006,0.381,12.2,12.0,1500,1500,1500,1500,1700,1700,1700,1700
3.8,0.46,0.04,0.15,145.74,-0.974,2.172,0.19,-0.004,0.006,0.4,12.2,12.0,1500,1500,1500,1500,1700,1700,1700,1700
3.9,0.492,0.04,0.15,145.74,-0.975,2.172,0.222,-0.004,0.005,0.41,12.2,12.0,1500,1500,1500,1500,1700,1700,1700,1700
4.0,0.522,0.05,0.15,145.74,-0.976,2.173,0.252,-0.004,0.005,0.412,12.2,12.0,1500,1500,1500,1500,1700,1700,1700,1700
4.1,0.555,0.05,0.15,145.74,-0.977,2.173,0.285,-0.004,0.005,0.413,12.2,12.0,1500,1500,1500,1500,1700,1700,1700,1700
4.2,0.555,0.05,0.15,145.74,-0.977,2.173,0.285,-0.004,0.005,0.413,12.2,12.0,1500,1500,1500,1500,1700,1700,1700,1700
4.3,0.555,0.05,0.15,145.74,-0.977,2.173,0.285,-0.004,0.005,0.413,12.2,12.0,1500,1500,1500,1500,1700,1700,1700,1700
4.4,0.555,0.06,0.16,145.75,-0.979,2.173,0.431,-0.004,0.003,0.434,12.2,12.0,1500,1500,1500,1500,1700,1700,1700,1700
4.5,0.555,0.06,0.16,145.75,-0.979,2.173,0.431,-0.004,0.003,0.434,12.2,12.0,1500,1500,1500,1500,1700,1700,1700,1700
4.6,0.881,0.07,0.16,145.76,-0.98,2.172,0.611,-0.004,0.001,0.487,12.2,12.0,1500,1500,1500,1500,1700,1700,1700,1700
4.7,0.881,0.07,0.16,145.76,-0.98,2.172,0.611,-0.004,0.001,0.487,12.2,12.0,1500,1500,1500,1500,1700,1700,1700,1700
4.8,0.881,0.07,0.16,145.76,-0.98,2.172,0.611,-0.004,0.001,0.487,12.2,12.0,1500,1500,1500,1500,1700,1700,1700,1700
4.9,1.062,0.07,0.17,144.64,-0.981,2.171,0.792,-0.004,-0.002,0.526,12.2,12.0,1500,1500,1500,1500,1700,1700,1700,1700
5.0,1.062,0.07,0.17,144.64,-0.981,2.171,0.792,-0.004,-0.002,0.526,12.2,12.0,1500,1500,1500,1500,1700,1700,1700,1700
5.1,1.241,0.08,0.17,144.63,-0.982,2.17,0.971,-0.003,-0.004,0.556,12.2,12.0,1500,1500,1500,1500,1700,1700,1700,1700
5.2,1.241,0.08,0.17,144.63,-0.982,2.17,0.971,-0.003,-0.004,0.556,12.2,12.0,1500,1500,1500,1500,1700,1700,1700,1700
5.3,1.241,0.08,0.17,144.63,-0.982,2.17,0.971,-0.003,-0.004,0.556,12.2,12.0,1500,1500,1500,1500,1700,1700,1700,1700
5.4,1.354,0.09,0.18,144.63,-0.982,2.169,1.084,-0.003,-0.006,0.533,12.2,12.0,1500,1500,1500,1500,1700,1700,1700,1700
5.5,1.354,0.09,0.18,144.63,-0.982,2.169,1.084,-0.003,-0.006,0.533,12.2,12.0,1500,1500,1500,1500,1700,1700,1700,1700
5.6,1.463,0.09,0.18,144.62,-0.982,2.168,1.193,-0.002,-0.009,0.52,12.2,12.0,1500,1500,1500,1500,1700,1700,1700,1700
5.7,1.463,0.09,0.18,144.62,-0.982,2.168,1.193,-0.002,-0.009,0.52,12.2,12.0,1500,1500,1500,1500,1700,1700,1700,1700
5.8,1.463,0.09,0.18,144.62,-0.982,2.168,1.193,-0.002,-0.009,0.52,12.2,12.0,1500,1500,1500,1500,1700,1700,1700,1700
5.9,1.571,0.1,0.19,144.62,-0.983,2.166,1.301,-0.002,-0.011,0.507,12.2,12.0,1500,1500,1500,1500,1700,1700,1700,1700
6.0,1.571,0.1,0.19,144.62,-0.983,2.166,1.301,-0.002,-0.011,0.507,12.2,12.0,1500,1500,1500,1500,1700,1700,1700,1700
6.1,1.665,0.1,0.19,144.88,-0.983,2.165,1.395,-0.002,-0.013,0.486,12.2,12.0,1500,1500,1500,1500,1700,1700,1700,1700
6.2,1.665,0.1,0.19,144.88,-0.983,2.165,1.395,-0.002,-0.013,0.486,12.2,12.0,1500,1500,1500,1500,1700,1700,1700,1700
6.3,1.665,0.1,0.19,144.88,-0.983,2.165,1.395,-0.002,-0.013,0.486,12.2,12.0,1500,1500,1500,1500,1700,1700,1700,1700
6.4,1.752,0.11,0.2,144.95,-0.983,2.163,1.482,-0.001,-0.015,0.466,12.2,12.0,1500,1500,1500,1500,1700,1700,1700,1700
6.5,1.752,0.11,0.2,144.95,-0.983,2.163,1.482,-0.001,-0.015,0.466,12.2,12.0,1500,1500,1500,1500,1700,1700,1700,1700
6.6,1.876,0.11,0.2,144.96,-0.982,2.161,1.606,-0.0,-0.017,0.474,12.2,12.0,1500,1500,1500,1500,1700,1700,1700,1700
6.7,1.876,0.11,0.2,144.96,-0.982,2.161,1.606,-0.0,-0.017,0.474,12.2,12.0,1500,1500,1500,1500,1700,1700,1700,1700
6.8,1.876,0.11,0.2,144.96,-0.982,2.161,1.606,-0.0,-0.017,0.474,12.2,12.0,1500,1500,1500,1500,1700,1700,1700,1700
6.9,1.984,0.11,0.21,144.98,-0.982,2.16,1.714,0.0,-0.019,0.466,12.2,12.0,1500,1500,1500,1500,1700,1700,1700,1700
7.0,1.984,0.11,0.21,144.98,-0.982,2.16,1.714,0.0,-0.019,0.466,12.2,12.0,1500,1500,1500,1500,1700,1700,1700,1700
7.1,2.107,0.12,0.21,144.99,-0.982,2.158,1.837,0.001,-0.02,0.472,12.2,12.0,1500,1500,1500,1500,1700,1700,1700,1700
7.2,2.107,0.12,0.21,144.99,-0.982,2.158,1.837,0.001,-0.02,0.472,12.2,12.0,1500,1500,1500,1500,1700,1700,1700,1700
7.3,2.107,0.12,0.21,144.99,-0.982,2.158,1.837,0.001,-0.02,0.472,12.2,12.0,1500,1500,1500,1500,1700,1700,1700,1700
7.4,2.241,0.12,0.21,145.01,-0.984,2.157,1.971,0.0,-0.021,0.482,12.2,12.0,1500,1500,1500,1500,1700,1700,1700,1700
7.5,2.241,0.12,0.21,145.01,-0.984,2.157,1.971,0.0,-0.021,0.482,12.2,12.0,1500,1500,1500,1500,1700,1700,1700,1700
7.6,2.367,0.12,0.21,145.02,-0.987,2.156,2.097,-0.001,-0.022,0.485,12.2,12.0,1500,1500,1500,1500,1700,1700,1700,1700
7.7,2.367,0.12,0.21,145.02,-0.987,2.156,2.097,-0.001,-0.022,0.485,12.2,12.0,1500,1500,1500,1500,1700,1700,1700,1700
7.8,2.367,0.12,0.21,145.02,-0.987,2.156,2.097,-0.001,-0.022,0.485,12.2,12.0,1500,1500,1500,1500,1700,1700,1700,1700
7.9,2.494,0.13,0.22,145.03,-0.991,2.155,2.224,-0.002,-0.022,0.49,12.2,12.0,1500,1500,1500,1500,1700,1700,1700,1700
8.0,2.494,0.13,0.22,145.03,-0.991,2.155,2.224,-0.002,-0.022,0.49,12.2,12.0,1500,1500,1500,1500,1700,1700,1700,1700
8.1,2.655,0.13,0.22,145.05,-0.994,2.155,2.385,-0.003,-0.022,0.517,12.2,12.0,1500,1500,1500,1500,1700,1700,1700,1700
8.2,2.655,0.13,0.22,145.05,-0.994,2.155,2.385,-0.003,-0.022,0.517,12.2,12.0,1500,1500,1500,1500,1700,1700,1700,1700
8.3,2.655,0.13,0.22,145.05,-0.994,2.155,2.385,-0.003,-0.022,0.517,12.2,12.0,1500,1500,1500,1500,1700,1700,1700,1700
8.4,2.779,0.13,0.22,145.06,-0.996,2.154,2.509,-0.003,-0.023,0.511,12.2,12.0,1500,1500,1500,1500,1700,1700,1700,1700
8.5,2.779,0.13,0.22,145.06,-0.996,2.154,2.509,-0.003,-0.023,0.511,12.2,12.0,1500,1500,1500,1500,1700,1700,1700,1700
8.6,2.903,0.13,0.23,145.07,-0.999,2.154,2.633,-0.003,-0.023,0.51,12.2,12.0,1500,1500,1500,1500,1700,1700,1700,1700
8.7,2.903,0.13,0.23,145.07,-0.999,2.154,2.633,-0.003,-0.023,0.51,12.2,12.0,1500,1500,1500,1500,1700,1700,1700,1700
8.8,2.903,0.13,0.23,145.07,-0.999,2.154,2.633,-0.003,-0.023,0.51,12.2,12.0,1500,1500,1500,1500,1700,1700,1700,1700
8.9,3.02,0.13,0.23,145.08,-1.0,2.153,2.75,-0.003,-0.024,0.503,12.2,12.0,1500,1500,1500,1500,1700,1700,1700,1700
9.0,3.02,0.13,0.23,145.08,-1.0,2.153,2.75,-0.003,-0.024,0.503,12.2,12.0,1500,1500,1500,1500,1700,1700,1700,1700
9.1,3.119,0.13,0.23,145.1,-1.001,2.153,2.849,-0.002,-0.024,0.485,12.2,12.0,1500,1500,1500,1500,1700,1700,1700,1700
9.2,3.119,0.13,0.23,145.1,-1.001,2.153,2.849,-0.002,-0.024,0.485,12.2,12.0,1500,1500,1500,1500,1700,1700,1700,1700
9.3,3.119,0.13,0.23,145.1,-1.001,2.153,2.849,-0.002,-0.024,0.485,12.2,12.0,1500,1500,1500,1500,1700,1700,1700,1700
9.4,3.22,0.14,0.23,145.11,-1.027,2.17,2.95,-0.25,0.148,0.337,11.6,30.0,1250,1250,1750,1750,1500,1500,1500,1500
9.5,3.22,0.14,0.23,145.11,-1.027,2.17,2.95,-0.25,0.148,0.337,11.6,30.0,1250,1250,1750,1750,1500,1500,1500,1500
9.6,3.303,0.14,0.23,145.1,-1.12,2.233,3.033,-0.461,0.295,0.248,11.6,30.0,1250,1250,1750,1750,1500,1500,1500,1500
9.7,3.303,0.14,0.23,145.1,-1.12,2.233,3.033,-0.461,0.295,0.248,11.6,30.0,1250,1250,1750,1750,1500,1500,1500,1500
9.8,3.303,0.14,0.23,145.1,-1.12,2.233,3.033,-0.461,0.295,0.248,11.6,30.0,1250,1250,1750,1750,1500,1500,1500,1500
9.9,3.354,0.14,0.25,145.02,-1.244,2.319,3.084,-0.541,0.351,0.189,11.6,30.0,1250,1250,1750,1750,1500,1500,1500,1500
10.0,3.354,0.14,0.25,145.02,-1.244,2.319,3.084,-0.541,0.351,0.189,11.6,30.0,1250,1250,1750,1750,1500,1500,1500,1500
10.1,3.362,0.14,0.26,144.91,-1.378,2.413,3.092,-0.564,0.369,0.127,11.6,30.0,1250,1250,1750,1750,1500,1500,1500,1500
10.2,3.362,0.14,0.26,144.91,-1.378,2.413,3.092,-0.564,0.369,0.127,11.6,30.0,1250,1250,1750,1750,1500,1500,1500,1500
10.3,3.362,0.14,0.26,144.91,-1.378,2.413,3.092,-0.564,0.369,0.127,11.6,30.0,1250,1250,1750,1750,1500,1500,1500,1500
10.4,3.371,0.14,0.26,144.84,-1.519,2.51,3.101,-0.57,0.373,0.091,11.6,30.0,1250,1250,1750,1750,1500,1500,1500,1500
10.5,3.371,0.14,0.26,144.84,-1.519,2.51,3.101,-0.57,0.373,0.091,11.6,30.0,1250,1250,1750,1750,1500,1500,1500,1500
10.6,3.394,0.15,0.26,144.78,-1.661,2.61,3.124,-0.571,0.373,0.076,11.6,30.0,1250,1250,1750,1750,1500,1500,1500,1500
10.7,3.394,0.15,0.26,144.78,-1.661,2.61,3.124,-0.571,0.373,0.076,11.6,30.0,1250,1250,1750,1750,1500,1500,1500,1500
10.8,3.394,0.15,0.26,144.78,-1.661,2.61,3.124,-0.571,0.373,0.076,11.6,30.0,1250,1250,1750,1750,1500,1500,1500,1500
10.9,3.426,0.15,0.26,144.73,-1.804,2.71,3.156,-0.571,0.374,0.07,11.6,30.0,1250,1250,1750,1750,1500,1500,1500,1500
11.0,3.426,0.15,0.26,144.73,-1.804,2.71,3.156,-0.571,0.374,0.07,11.6,30.0,1250,1250,1750,1750,1500,1500,1500,1500
11.1,3.431,0.15,0.27,144.68,-1.949,2.81,3.161,-0.571,0.372,0.048,11.6,30.0,1250,1250,1750,1750,1500,1500,1500,1500
11.2,3.431,0.15,0.27,144.68,-1.949,2.81,3.161,-0.571,0.372,0.048,11.6,30.0,1250,1250,1750,1750,1500,1500,1500,1500
11.3,3.431,0.15,0.27,144.68,-1.949,2.81,3.161,-0.571,0.372,0.048,11.6,30.0,1250,1250,1750,1750,1500,1500,1500,1500
11.4,3.449,0.16,0.26,144.64,-2.094,2.91,3.179,-0.571,0.371,0.041,11.6,30.0,1250,1250,1750,1750,1500,1500,1500,1500
11.5,3.449,0.16,0.26,144.64,-2.094,2.91,3.179,-0.571,0.371,0.041,11.6,30.0,1250,1250,1750,1750,1500,1500,1500,1500
11.6,3.461,0.16,0.26,144.61,-2.239,3.01,3.191,-0.571,0.37,0.032,11.6,30.0,1250,1250,1750,1750,1500,1500,1500,1500
11.7,3.461,0.16,0.26,144.61,-2.239,3.01,3.191,-0.571,0.37,0.032,11.6,30.0,1250,1250,1750,1750,1500,1500,1500,1500
11.8,3.461,0.16,0.26,144.61,-2.239,3.01,3.191,-0.571,0.37,0.032,11.6,30.0,1250,1250,1750,1750,1500,1500,1500,1500
11.9,3.439,0.16,0.27,144.58,-2.383,3.11,3.169,-0.571,0.368,0.002,11.6,30.0,1250,1250,1750,1750,1500,1500,1500,1500
12.0,3.439,0.16,0.27,144.58,-2.383,3.11,3.169,-0.571,0.368,0.002,11.6,30.0,1250,1250,1750,1750,1500,1500,1500,1500
12.1,3.44,0.16,0.27,144.57,-2.529,3.21,3.17,-0.571,0.367,-0.004,11.6,30.0,1250,1250,1750,1750,1500,1500,1500,1500
12.2,3.44,0.16,0.27,144.57,-2.529,3.21,3.17,-0.571,0.367,-0.004,11.6,30.0,1250,1250,1750,1750,1500,1500,1500,1500
12.3,3.44,0.16,0.27,144.57,-2.529,3.21,3.17,-0.571,0.367,-0.004,11.6,30.0,1250,1250,1750,1750,1500,1500,1500,1500
12.4,3.469,0.16,0.26,144.57,-2.675,3.31,3.199,-0.572,0.366,0.01,11.6,30.0,1250,1250,1750,1750,1500,1500,1500,1500
12.5,3.469,0.16,0.26,144.57,-2.675,3.31,3.199,-0.572,0.366,0.01,11.6,30.0,1250,1250,1750,1750,1500,1500,1500,1500
12.6,3.476,0.16,0.26,144.57,-2.822,3.411,3.206,-0.573,0.365,0.002,11.6,30.0,1250,1250,1750,1750,1500,1500,1500,1500
12.7,3.476,0.16,0.26,144.57,-2.822,3.411,3.206,-0.573,0.365,0.002,11.6,30.0,1250,1250,1750,1750,1500,1500,1500,1500
12.8,3.476,0.16,0.26,144.57,-2.822,3.411,3.206,-0.573,0.365,0.002,11.6,30.0,1250,1250,1750,1750,1500,1500,1500,1500
12.9,3.428,0.16,0.26,144.59,-2.968,3.511,3.158,-0.574,0.364,-0.04,11.6,30.0,1250,1250,1750,1750,1500,1500,1500,1500
13.0,3.428,0.16,0.26,144.59,-2.968,3.511,3.158,-0.574,0.364,-0.04,11.6,30.0,1250,1250,1750,1750,1500,1500,1500,1500
13.1,3.395,0.16,0.26,144.62,-3.115,3.612,3.125,-0.575,0.363,-0.06,11.6,30.0,1250,1250,1750,1750,1500,1500,1500,1500
13.2,3.395,0.16,0.26,144.62,-3.115,3.612,3.125,-0.575,0.363,-0.06,11.6,30.0,1250,1250,1750,1750,1500,1500,1500,1500
13.3,3.395,0.16,0.26,144.62,-3.115,3.612,3.125,-0.575,0.363,-0.06,11.6,30.0,1250,1250,1750,1750,1500,1500,1500,1500
13.4,3.362,0.16,0.26,144.66,-3.263,3.713,3.092,-0.576,0.362,-0.078,11.6,30.0,1250,1250,1750,1750,1500,1500,1500,1500
13.5,3.362,0.16,0.26,144.66,-3.263,3.713,3.092,-0.576,0.362,-0.078,11.6,30.0,1250,1250,1750,1750,1500,1500,1500,1500
13.6,3.353,0.16,0.26,144.7,-3.409,3.813,3.083,-0.576,0.361,-0.076,11.6,30.0,1250,1250,1750,1750,1500,1500,1500,1500
13.7,3.353,0.16,0.26,144.7,-3.409,3.813,3.083,-0.576,0.361,-0.076,11.6,30.0,1250,1250,1750,1750,1500,1500,1500,1500
13.8,3.353,0.16,0.26,144.7,-3.409,3.813,3.083,-0.576,0.361,-0.076,11.6,30.0,1250,1250,1750,1750,1500,1500,1500,1500
13.9,3.389,0.16,0.26,144.75,-3.556,3.913,3.119,-0.576,0.36,-0.045,11.6,30.0,1250,1250,1750,1750,1500,1500,1500,1500
14.0,3.389,0.16,0.26,144.75,-3.556,3.913,3.119,-0.576,0.36,-0.045,11.6,30.0,1250,1250,1750,1750,1500,1500,1500,1500
14.1,3.423,0.16,0.26,144.81,-3.702,4.014,3.153,-0.576,0.36,-0.024,11.6,30.0,1250,1250,1750,1750,1500,1500,1500,1500
14.2,3.423,0.16,0.26,144.81,-3.702,4.014,3.153,-0.576,0.36,-0.024,11.6,30.0,1250,1250,1750,1750,1500,1500,1500,1500
14.3,3.423,0.16,0.26,144.81,-3.702,4.014,3.153,-0.576,0.36,-0.024,11.6,30.0,1250,1250,1750,1750,1500,1500,1500,1500
14.4,3.455,0.16,0.26,144.88,-3.847,4.114,3.185,-0.576,0.359,-0.007,11.6,30.0,1250,1250,1750,1750,1500,1500,1500,1500
14.5,3.455,0.16,0.26,144.88,-3.847,4.114,3.185,-0.576,0.359,-0.007,11.6,30.0,1250,1250,1750,1750,1500,1500,1500,1500
14.6,3.462,0.16,0.26,144.96,-3.993,4.214,3.192,-0.576,0.359,-0.008,11.6,30.0,1250,1250,1750,1750,1500,1500,1500,1500
14.7,3.462,0.16,0.26,144.96,-3.993,4.214,3.192,-0.576,0.359,-0.008,11.6,30.0,1250,1250,1750,1750,1500,1500,1500,1500
14.8,3.462,0.16,0.26,144.96,-3.993,4.214,3.192,-0.576,0.359,-0.008,11.6,30.0,1250,1250,1750,1750,1500,1500,1500,1500
14.9,3.449,0.16,0.26,145.04,-4.138,4.315,3.179,-0.576,0.359,-0.02,11.6,30.0,1250,1250,1750,1750,1500,1500,1500,1500
15.0,3.449,0.16,0.26,145.04,-4.138,4.315,3.179,-0.576,0.359,-0.02,11.6,30.0,1250,1250,1750,1750,1500,1500,1500,1500
15.1,3.436,0.16,0.25,145.13,-4.283,4.416,3.166,-0.576,0.36,-0.029,11.6,30.0,1250,1250,1750,1750,1500,1500,1500,1500
15.2,3.436,0.16,0.25,145.13,-4.283,4.416,3.166,-0.576,0.36,-0.029,11.6,30.0,1250,1250,1750,1750,1500,1500,1500,1500
15.3,3.436,0.16,0.25,145.13,-4.283,4.416,3.166,-0.576,0.36,-0.029,11.6,30.0,1250,1250,1750,1750,1500,1500,1500,1500
15.4,3.41,0.16,0.24,147.37,-4.418,4.51,3.14,-0.424,0.257,-0.043,12.0,18.0,1650,1350,1350,1650,1500,1500,1500,1500
15.5,3.41,0.16,0.24,147.37,-4.418,4.51,3.14,-0.424,0.257,-0.043,12.0,18.0,1650,1350,1350,1650,1500,1500,1500,1500
15.6,3.393,0.19,0.22,154.77,-4.507,4.574,3.123,-0.284,0.174,-0.047,12.0,18.0,1650,1350,1350,1650,1500,1500,1500,1500
15.7,3.393,0.19,0.22,154.77,-4.507,4.574,3.123,-0.284,0.174,-0.047,12.0,18.0,1650,1350,1350,1650,1500,1500,1500,1500
15.8,3.393,0.19,0.22,154.77,-4.507,4.574,3.123,-0.284,0.174,-0.047,12.0,18.0,1650,1350,1350,1650,1500,1500,1500,1500
15.9,3.368,0.21,0.19,162.48,-4.572,4.624,3.098,-0.213,0.136,-0.058,12.0,18.0,1650,1350,1350,1650,1500,1500,1500,1500
16.0,3.368,0.21,0.19,162.48,-4.572,4.624,3.098,-0.213,0.136,-0.058,12.0,18.0,1650,1350,1350,1650,1500,1500,1500,1500
16.1,3.33,0.23,0.15,170.17,-4.623,4.668,3.06,-0.173,0.111,-0.075,12.0,18.0,1650,1350,1350,1650,1500,1500,1500,1500
16.2,3.33,0.23,0.15,170.17,-4.623,4.668,3.06,-0.173,0.111,-0.075,12.0,18.0,1650,1350,1350,1650,1500,1500,1500,1500
16.3,3.33,0.23,0.15,170.17,-4.623,4.668,3.06,-0.173,0.111,-0.075,12.0,18.0,1650,1350,1350,1650,1500,1500,1500,1500
16.4,3.302,0.24,0.13,177.81,-4.666,4.706,3.032,-0.149,0.09,-0.081,12.0,18.0,1650,1350,1350,1650,1500,1500,1500,1500
16.5,3.302,0.24,0.13,177.81,-4.666,4.706,3.032,-0.149,0.09,-0.081,12.0,18.0,1650,1350,1350,1650,1500,1500,1500,1500
16.6,3.283,0.25,0.1,-174.61,-4.703,4.738,3.013,-0.134,0.07,-0.081,12.0,18.0,1650,1350,1350,1650,1500,1500,1500,1500
16.7,3.283,0.25,0.1,-174.61,-4.703,4.738,3.013,-0.134,0.07,-0.081,12.0,18.0,1650,1350,1350,1650,1500,1500,1500,1500
16.8,3.283,0.25,0.1,-174.61,-4.703,4.738,3.013,-0.134,0.07,-0.081,12.0,18.0,1650,1350,1350,1650,1500,1500,1500,1500
16.9,3.253,0.25,0.07,-167.05,-4.737,4.765,2.983,-0.122,0.052,-0.088,12.0,18.0,1650,1350,1350,1650,1500,1500,1500,1500
17.0,3.253,0.25,0.07,-167.05,-4.737,4.765,2.983,-0.122,0.052,-0.088,12.0,18.0,1650,1350,1350,1650,1500,1500,1500,1500
17.1,3.239,0.26,0.04,-159.53,-4.768,4.788,2.969,-0.113,0.034,-0.083,12.0,18.0,1650,1350,1350,1650,1500,1500,1500,1500
17.2,3.239,0.26,0.04,-159.53,-4.768,4.788,2.969,-0.113,0.034,-0.083,12.0,18.0,1650,1350,1350,1650,1500,1500,1500,1500
17.3,3.239,0.26,0.04,-159.53,-4.768,4.788,2.969,-0.113,0.034,-0.083,12.0,18.0,1650,1350,1350,1650,1500,1500,1500,1500
17.4,3.237,0.26,0.01,-151.96,-4.796,4.806,2.967,-0.104,0.018,-0.072,12.0,18.0,1650,1350,1350,1650,1500,1500,1500,1500
17.5,3.237,0.26,0.01,-151.96,-4.796,4.806,2.967,-0.104,0.018,-0.072,12.0,18.0,1650,1350,1350,1650,1500,1500,1500,1500
17.6,3.237,0.25,-0.01,-144.43,-4.822,4.82,2.967,-0.096,0.003,-0.062,12.0,18.0,1650,1350,1350,1650,1500,1500,1500,1500
17.7,3.237,0.25,-0.01,-144.43,-4.822,4.82,2.967,-0.096,0.003,-0.062,12.0,18.0,1650,1350,1350,1650,1500,1500,1500,1500
17.8,3.237,0.25,-0.01,-144.43,-4.822,4.82,2.967,-0.096,0.003,-0.062,12.0,18.0,1650,1350,1350,1650,1500,1500,1500,1500
17.9,3.227,0.24,-0.04,-136.85,-4.846,4.833,2.957,-0.087,-0.008,-0.059,12.0,18.0,1650,1350,1350,1650,1500,1500,1500,1500
18.0,3.227,0.24,-0.04,-136.85,-4.846,4.833,2.957,-0.087,-0.008,-0.059,12.0,18.0,1650,1350,1350,1650,1500,1500,1500,1500
18.1,3.22,0.23,-0.05,-129.29,-4.867,4.844,2.95,-0.079,-0.017,-0.056,12.0,18.0,1650,1350,1350,1650,1500,1500,1500,1500
18.2,3.22,0.23,-0.05,-129.29,-4.867,4.844,2.95,-0.079,-0.017,-0.056,12.0,18.0,1650,1350,1350,1650,1500,1500,1500,1500
18.3,3.22,0.23,-0.05,-129.29,-4.867,4.844,2.95,-0.079,-0.017,-0.056,12.0,18.0,1650,1350,1350,1650,1500,1500,1500,1500
18.4,3.192,0.21,-0.07,-121.72,-4.885,4.854,2.922,-0.07,-0.024,-0.066,12.0,18.0,1650,1350,1350,1650,1500,1500,1500,1500
18.5,3.192,0.21,-0.07,-121.72,-4.885,4.854,2.922,-0.07,-0.024,-0.066,12.0,18.0,1650,1350,1350,1650,1500,1500,1500,1500
18.6,3.156,0.19,-0.08,-114.15,-4.902,4.864,2.886,-0.062,-0.027,-0.078,12.0,18.0,1650,1350,1350,1650,1500,1500,1500,1500
18.7,3.156,0.19,-0.08,-114.15,-4.902,4.864,2.886,-0.062,-0.027,-0.078,12.0,18.0,1650,1350,1350,1650,1500,1500,1500,1500
18.8,3.156,0.19,-0.08,-114.15,-4.902,4.864,2.886,-0.062,-0.027,-0.078,12.0,18.0,1650,1350,1350,1650,1500,1500,1500,1500
18.9,3.1,0.17,-0.09,-106.58,-4.917,4.875,2.83,-0.054,-0.028,-0.102,12.0,18.0,1650,1350,1350,1650,1500,1500,1500,1500
19.0,3.1,0.17,-0.09,-106.58,-4.917,4.875,2.83,-0.054,-0.028,-0.102,12.0,18.0,1650,1350,1350,1650,1500,1500,1500,1500
19.1,3.087,0.15,-0.1,-99.03,-4.93,4.885,2.817,-0.047,-0.029,-0.09,12.0,18.0,1650,1350,1350,1650,1500,1500,1500,1500
19.2,3.087,0.15,-0.1,-99.03,-4.93,4.885,2.817,-0.047,-0.029,-0.09,12.0,18.0,1650,1350,1350,1650,1500,1500,1500,1500
19.3,3.087,0.15,-0.1,-99.03,-4.93,4.885,2.817,-0.047,-0.029,-0.09,12.0,18.0,1650,1350,1350,1650,1500,1500,1500,1500
19.4,3.096,0.14,-0.1,-92.01,-4.941,4.888,2.826,-0.046,-0.162,-0.069,11.6,30.0,1250,1250,1750,1750,1500,1500,1500,1500
19.5,3.096,0.14,-0.1,-92.01,-4.941,4.888,2.826,-0.046,-0.162,-0.069,11.6,30.0,1250,1250,1750,1750,1500,1500,1500,1500
19.6,3.08,0.13,-0.09,-89.14,-4.954,4.816,2.81,-0.042,-0.515,-0.071,11.6,30.0,1250,1250,1750,1750,1500,1500,1500,1500
19.7,3.08,0.13,-0.09,-89.14,-4.954,4.816,2.81,-0.042,-0.515,-0.071,11.6,30.0,1250,1250,1750,1750,1500,1500,1500,1500
19.8,3.08,0.13,-0.09,-89.14,-4.954,4.816,2.81,-0.042,-0.515,-0.071,11.6,30.0,1250,1250,1750,1750,1500,1500,1500,1500
19.9,3.045,0.12,-0.08,-87.63,-4.965,4.683,2.775,-0.03,-0.682,-0.084,11.6,30.0,1250,1250,1750,1750,1500,1500,1500,1500
20.0,3.045,0.12,-0.08,-87.63,-4.965,4.683,2.775,-0.03,-0.682,-0.084,11.6,30.0,1250,1250,1750,1750,1500,1500,1500,1500
20.1,2.988,0.11,-0.06,-86.58,-4.976,4.526,2.718,-0.019,-0.735,-0.108,11.6,30.0,1250,1250,1750,1750,1500,1500,1500,1500
20.2,2.988,0.11,-0.06,-86.58,-4.976,4.526,2.718,-0.019,-0.735,-0.108,11.6,30.0,1250,1250,1750,1750,1500,1500,1500,1500
20.3,2.988,0.11,-0.06,-86.58,-4.976,4.526,2.718,-0.019,-0.735,-0.108,11.6,30.0,1250,1250,1750,1750,1500,1500,1500,1500
20.4,2.928,0.11,-0.04,-85.78,-4.984,4.36,2.658,-0.011,-0.747,-0.129,11.6,30.0,1250,1250,1750,1750,1500,1500,1500,1500
20.5,2.928,0.11,-0.04,-85.78,-4.984,4.36,2.658,-0.011,-0.747,-0.129,11.6,30.0,1250,1250,1750,1750,1500,1500,1500,1500
20.6,2.899,0.1,-0.04,-85.13,-4.992,4.187,2.629,-0.003,-0.749,-0.123,11.6,30.0,1250,1250,1750,1750,1500,1500,1500,1500
20.7,2.899,0.1,-0.04,-85.13,-4.992,4.187,2.629,-0.003,-0.749,-0.123,11.6,30.0,1250,1250,1750,1750,1500,1500,1500,1500
20.8,2.899,0.1,-0.04,-85.13,-4.992,4.187,2.629,-0.003,-0.749,-0.123,11.6,30.0,1250,1250,1750,1750,1500,1500,1500,1500
20.9,2.899,0.1,-0.03,-84.58,-4.998,4.013,2.629,0.003,-0.747,-0.104,11.6,30.0,1250,1250,1750,1750,1500,1500,1500,1500
21.0,2.899,0.1,-0.03,-84.58,-4.998,4.013,2.629,0.003,-0.747,-0.104,11.6,30.0,1250,1250,1750,1750,1500,1500,1500,1500
21.1,2.877,0.1,-0.02,-84.11,-5.001,3.841,2.607,0.01,-0.743,-0.103,11.6,30.0,1250,1250,1750,1750,1500,1500,1500,1500
21.2,2.877,0.1,-0.02,-84.11,-5.001,3.841,2.607,0.01,-0.743,-0.103,11.6,30.0,1250,1250,1750,1750,1500,1500,1500,1500
21.3,2.877,0.1,-0.02,-84.11,-5.001,3.841,2.607,0.01,-0.743,-0.103,11.6,30.0,1250,1250,1750,1750,1500,1500,1500,1500
21.4,2.884,0.1,-0.02,-83.69,-5.003,3.666,2.614,0.017,-0.739,-0.082,11.6,30.0,1250,1250,1750,1750,1500,1500,1500,1500
21.5,2.884,0.1,-0.02,-83.69,-5.003,3.666,2.614,0.017,-0.739,-0.082,11.6,30.0,1250,1250,1750,1750,1500,1500,1500,1500
21.6,2.915,0.1,-0.01,-83.31,-5.002,3.489,2.645,0.024,-0.737,-0.049,11.6,30.0,1250,1250,1750,1750,1500,1500,1500,1500
21.7,2.915,0.1,-0.01,-83.31,-5.002,3.489,2.645,0.024,-0.737,-0.049,11.6,30.0,1250,1250,1750,1750,1500,1500,1500,1500
21.8,2.915,0.1,-0.01,-83.31,-5.002,3.489,2.645,0.024,-0.737,-0.049,11.6,30.0,1250,1250,1750,1750,1500,1500,1500,1500
21.9,2.936,0.1,-0.01,-82.97,-4.999,3.314,2.666,0.03,-0.734,-0.03,11.6,30.0,1250,1250,1750,1750,1500,1500,1500,1500
22.0,2.936,0.1,-0.01,-82.97,-4.999,3.314,2.666,0.03,-0.734,-0.03,11.6,30.0,1250,1250,1750,1750,1500,1500,1500,1500
22.1,2.922,0.09,0.0,-82.66,-4.994,3.138,2.652,0.036,-0.729,-0.037,11.6,30.0,1250,1250,1750,1750,1500,1500,1500,1500
22.2,2.922,0.09,0.0,-82.66,-4.994,3.138,2.652,0.036,-0.729,-0.037,11.6,30.0,1250,1250,1750,1750,1500,1500,1500,1500
22.3,2.922,0.09,0.0,-82.66,-4.994,3.138,2.652,0.036,-0.729,-0.037,11.6,30.0,1250,1250,1750,1750,1500,1500,1500,1500
22.4,2.899,0.09,0.01,-82.38,-4.989,2.963,2.629,0.042,-0.726,-0.046,11.6,30.0,1250,1250,1750,1750,1500,1500,1500,1500
22.5,2.899,0.09,0.01,-82.38,-4.989,2.963,2.629,0.042,-0.726,-0.046,11.6,30.0,1250,1250,1750,1750,1500,1500,1500,1500
22.6,2.857,0.09,0.01,-82.11,-4.983,2.788,2.587,0.047,-0.722,-0.065,11.6,30.0,1250,1250,1750,1750,1500,1500,1500,1500
22.7,2.857,0.09,0.01,-82.11,-4.983,2.788,2.587,0.047,-0.722,-0.065,11.6,30.0,1250,1250,1750,1750,1500,1500,1500,1500
22.8,2.857,0.09,0.01,-82.11,-4.983,2.788,2.587,0.047,-0.722,-0.065,11.6,30.0,1250,1250,1750,1750,1500,1500,1500,1500
22.9,2.811,0.09,0.02,-81.86,-4.977,2.612,2.541,0.051,-0.719,-0.085,11.6,30.0,1250,1250,1750,1750,1500,1500,1500,1500
23.0,2.811,0.09,0.02,-81.86,-4.977,2.612,2.541,0.051,-0.719,-0.085,11.6,30.0,1250,1250,1750,1750,1500,1500,1500,1500
23.1,2.765,0.09,0.02,-81.63,-4.971,2.437,2.495,0.054,-0.715,-0.097,11.6,30.0,1250,1250,1750,1750,1500,1500,1500,1500
23.2,2.765,0.09,0.02,-81.63,-4.971,2.437,2.495,0.054,-0.715,-0.097,11.6,30.0,1250,1250,1750,1750,1500,1500,1500,1500
23.3,2.765,0.09,0.02,-81.63,-4.971,2.437,2.495,0.054,-0.715,-0.097,11.6,30.0,1250,1250,1750,1750,1500,1500,1500,1500
23.4,2.775,0.09,0.03,-81.41,-4.965,2.262,2.505,0.057,-0.713,-0.072,11.6,30.0,1250,1250,1750,1750,1500,1500,1500,1500
23.5,2.775,0.09,0.03,-81.41,-4.965,2.262,2.505,0.057,-0.713,-0.072,11.6,30.0,1250,1250,1750,1750,1500,1500,1500,1500
23.6,2.756,0.09,0.03,-81.2,-4.958,2.086,2.486,0.06,-0.71,-0.074,11.6,30.0,1250,1250,1750,1750,1500,1500,1500,1500
23.7,2.756,0.09,0.03,-81.2,-4.958,2.086,2.486,0.06,-0.71,-0.074,11.6,30.0,1250,1250,1750,1750,1500,1500,1500,1500
23.8,2.756,0.09,0.03,-81.2,-4.958,2.086,2.486,0.06,-0.71,-0.074,11.6,30.0,1250,1250,1750,1750,1500,1500,1500,1500
23.9,2.746,0.09,0.04,-81.0,-4.95,1.91,2.476,0.063,-0.708,-0.069,11.6,30.0,1250,1250,1750,1750,1500,1500,1500,1500
24.0,2.746,0.09,0.04,-81.0,-4.95,1.91,2.476,0.063,-0.708,-0.069,11.6,30.0,1250,1250,1750,1750,1500,1500,1500,1500
24.1,2.753,0.1,0.04,-80.82,-4.94,1.733,2.483,0.066,-0.705,-0.053,11.6,30.0,1250,1250,1750,1750,1500,1500,1500,1500
24.2,2.753,0.1,0.04,-80.82,-4.94,1.733,2.483,0.066,-0.705,-0.053,11.6,30.0,1250,1250,1750,1750,1500,1500,1500,1500
24.3,2.753,0.1,0.04,-80.82,-4.94,1.733,2.483,0.066,-0.705,-0.053,11.6,30.0,1250,1250,1750,1750,1500,1500,1500,1500
24.4,2.723,0.1,0.05,-80.64,-4.928,1.557,2.453,0.069,-0.703,-0.066,11.6,30.0,1250,1250,1750,1750,1500,1500,1500,1500
24.5,2.723,0.1,0.05,-80.64,-4.928,1.557,2.453,0.069,-0.703,-0.066,11.6,30.0,1250,1250,1750,1750,1500,1500,1500,1500
24.6,2.692,0.1,0.05,-80.46,-4.915,1.381,2.422,0.072,-0.701,-0.075,11.6,30.0,1250,1250,1750,1750,1500,1500,1500,1500
24.7,2.692,0.1,0.05,-80.46,-4.915,1.381,2.422,0.072,-0.701,-0.075,11.6,30.0,1250,1250,1750,1750,1500,1500,1500,1500
24.8,2.692,0.1,0.05,-80.46,-4.915,1.381,2.422,0.072,-0.701,-0.075,11.6,30.0,1250,1250,1750,1750,1500,1500,1500,1500
24.9,2.655,0.1,0.05,-80.3,-4.902,1.206,2.385,0.075,-0.699,-0.087,11.6,30.0,1250,1250,1750,1750,1500,1500,1500,1500
25.0,2.655,0.1,0.05,-80.3,-4.902,1.206,2.385,0.075,-0.699,-0.087,11.6,30.0,1250,1250,1750,1750,1500,1500,1500,1500
25.1,2.601,0.1,0.06,-80.14,-4.888,1.03,2.331,0.078,-0.697,-0.107,11.6,30.0,1250,1250,1750,1750,1500,1500,1500,1500
25.2,2.601,0.1,0.06,-80.14,-4.888,1.03,2.331,0.078,-0.697,-0.107,11.6,30.0,1250,1250,1750,1750,1500,1500,1500,1500
25.3,2.601,0.1,0.06,-80.14,-4.888,1.03,2.331,0.078,-0.697,-0.107,11.6,30.0,1250,1250,1750,1750,1500,1500,1500,1500
25.4,2.562,0.1,0.06,-79.99,-4.872,0.855,2.292,0.101,-0.649,-0.113,11.6,30.0,1700,1300,1700,1300,1500,1500,1500,1500
25.5,2.562,0.1,0.06,-79.99,-4.872,0.855,2.292,0.101,-0.649,-0.113,11.6,30.0,1700,1300,1700,1300,1500,1500,1500,1500
25.6,2.511,0.11,0.07,-79.84,-4.823,0.734,2.241,0.314,-0.358,-0.129,11.8,24.0,1700,1300,1700,1300,1500,1500,1500,1500
25.7,2.511,0.11,0.07,-79.84,-4.823,0.734,2.241,0.314,-0.358,-0.129,11.8,24.0,1700,1300,1700,1300,1500,1500,1500,1500
25.8,2.511,0.11,0.07,-79.84,-4.823,0.734,2.241,0.314,-0.358,-0.129,11.8,24.0,1700,1300,1700,1300,1500,1500,1500,1500
25.9,2.474,0.11,0.07,-79.7,-4.729,0.661,2.204,0.453,-0.216,-0.13,11.8,24.0,1700,1300,1700,1300,1500,1500,1500,1500
26.0,2.474,0.11,0.07,-79.7,-4.729,0.661,2.204,0.453,-0.216,-0.13,11.8,24.0,1700,1300,1700,1300,1500,1500,1500,1500
26.1,2.45,0.11,0.07,-79.56,-4.613,0.611,2.18,0.509,-0.138,-0.124,11.8,24.0,1700,1300,1700,1300,1500,1500,1500,1500
26.2,2.45,0.11,0.07,-79.56,-4.613,0.611,2.18,0.509,-0.138,-0.124,11.8,24.0,1700,1300,1700,1300,1500,1500,1500,1500
26.3,2.45,0.11,0.07,-79.56,-4.613,0.611,2.18,0.509,-0.138,-0.124,11.8,24.0,1700,1300,1700,1300,1500,1500,1500,1500
26.4,2.434,0.11,0.07,-79.43,-4.487,0.577,2.164,0.527,-0.091,-0.115,11.8,24.0,1700,1300,1700,1300,1500,1500,1500,1500
26.5,2.434,0.11,0.07,-79.43,-4.487,0.577,2.164,0.527,-0.091,-0.115,11.8,24.0,1700,1300,1700,1300,1500,1500,1500,1500
26.6,2.439,0.11,0.08,-79.3,-4.358,0.554,2.169,0.532,-0.058,-0.094,11.8,24.0,1700,1300,1700,1300,1500,1500,1500,1500
26.7,2.439,0.11,0.08,-79.3,-4.358,0.554,2.169,0.532,-0.058,-0.094,11.8,24.0,1700,1300,1700,1300,1500,1500,1500,1500
26.8,2.439,0.11,0.08,-79.3,-4.358,0.554,2.169,0.532,-0.058,-0.094,11.8,24.0,1700,1300,1700,1300,1500,1500,1500,1500
26.9,2.422,0.11,0.07,-79.18,-4.229,0.535,2.152,0.531,-0.035,-0.093,11.8,24.0,1700,1300,1700,1300,1500,1500,1500,1500
27.0,2.422,0.11,0.07,-79.18,-4.229,0.535,2.152,0.531,-0.035,-0.093,11.8,24.0,1700,1300,1700,1300,1500,1500,1500,1500
27.1,2.381,0.11,0.07,-79.06,-4.1,0.521,2.111,0.529,-0.019,-0.107,11.8,24.0,1700,1300,1700,1300,1500,1500,1500,1500
27.2,2.381,0.11,0.07,-79.06,-4.1,0.521,2.111,0.529,-0.019,-0.107,11.8,24.0,1700,1300,1700,1300,1500,1500,1500,1500
27.3,2.381,0.11,0.07,-79.06,-4.1,0.521,2.111,0.529,-0.019,-0.107,11.8,24.0,1700,1300,1700,1300,1500,1500,1500,1500
27.4,2.331,0.11,0.07,-78.94,-3.972,0.51,2.061,0.528,-0.006,-0.123,11.8,24.0,1700,1300,1700,1300,1500,1500,1500,1500
27.5,2.331,0.11,0.07,-78.94,-3.972,0.51,2.061,0.528,-0.006,-0.123,11.8,24.0,1700,1300,1700,1300,1500,1500,1500,1500
27.6,2.324,0.12,0.08,-78.83,-3.843,0.504,2.054,0.527,0.006,-0.104,11.8,24.0,1700,1300,1700,1300,1500,1500,1500,1500
27.7,2.324,0.12,0.08,-78.83,-3.843,0.504,2.054,0.527,0.006,-0.104,11.8,24.0,1700,1300,1700,1300,1500,1500,1500,1500
27.8,2.324,0.12,0.08,-78.83,-3.843,0.504,2.054,0.527,0.006,-0.104,11.8,24.0,1700,1300,1700,1300,1500,1500,1500,1500
27.9,2.348,0.12,0.08,-78.72,-3.713,0.501,2.078,0.527,0.017,-0.071,11.8,24.0,1700,1300,1700,1300,1500,1500,1500,1500
28.0,2.348,0.12,0.08,-78.72,-3.713,0.501,2.078,0.527,0.017,-0.071,11.8,24.0,1700,1300,1700,1300,1500,1500,1500,1500
28.1,2.364,0.12,0.08,-78.61,-3.584,0.499,2.094,0.527,0.026,-0.052,11.8,24.0,1700,1300,1700,1300,1500,1500,1500,1500
28.2,2.364,0.12,0.08,-78.61,-3.584,0.499,2.094,0.527,0.026,-0.052,11.8,24.0,1700,1300,1700,1300,1500,1500,1500,1500
28.3,2.364,0.12,0.08,-78.61,-3.584,0.499,2.094,0.527,0.026,-0.052,11.8,24.0,1700,1300,1700,1300,1500,1500,1500,1500
28.4,2.375,0.12,0.09,-78.5,-3.455,0.5,2.105,0.527,0.033,-0.038,11.8,24.0,1700,1300,1700,1300,1500,1500,1500,1500
28.5,2.375,0.12,0.09,-78.5,-3.455,0.5,2.105,0.527,0.033,-0.038,11.8,24.0,1700,1300,1700,1300,1500,1500,1500,1500
28.6,2.347,0.12,0.08,-78.4,-3.328,0.501,2.077,0.526,0.039,-0.053,11.8,24.0,1700,1300,1700,1300,1500,1500,1500,1500
28.7,2.347,0.12,0.08,-78.4,-3.328,0.501,2.077,0.526,0.039,-0.053,11.8,24.0,1700,1300,1700,1300,1500,1500,1500,1500
28.8,2.347,0.12,0.08,-78.4,-3.328,0.501,2.077,0.526,0.039,-0.053,11.8,24.0,1700,1300,1700,1300,1500,1500,1500,1500
28.9,2.302,0.12,0.08,-78.3,-3.2,0.504,2.032,0.525,0.044,-0.073,11.8,24.0,1700,1300,1700,1300,1500,1500,1500,1500
29.0,2.302,0.12,0.08,-78.3,-3.2,0.504,2.032,0.525,0.044,-0.073,11.8,24.0,1700,1300,1700,1300,1500,1500,1500,1500
29.1,2.287,0.12,0.09,-78.2,-3.074,0.508,2.017,0.525,0.048,-0.067,11.8,24.0,1700,1300,1700,1300,1500,1500,1500,1500
29.2,2.287,0.12,0.09,-78.2,-3.074,0.508,2.017,0.525,0.048,-0.067,11.8,24.0,1700,1300,1700,1300,1500,1500,1500,1500
29.3,2.287,0.12,0.09,-78.2,-3.074,0.508,2.017,0.525,0.048,-0.067,11.8,24.0,1700,1300,1700,1300,1500,1500,1500,1500
29.4,2.291,0.12,0.09,-78.11,-2.947,0.513,2.021,0.524,0.052,-0.051,11.8,24.0,1700,1300,1700,1300,1500,1500,1500,1500
29.5,2.291,0.12,0.09,-78.11,-2.947,0.513,2.021,0.524,0.052,-0.051,11.8,24.0,1700,1300,1700,1300,1500,1500,1500,1500
29.6,2.249,0.12,0.09,-78.02,-2.842,0.514,1.979,0.363,0.022,-0.264,12.2,12.0,1500,1500,1500,1500,1300,1300,1300,1300
29.7,2.249,0.12,0.09,-78.02,-2.842,0.514,1.979,0.363,0.022,-0.264,12.2,12.0,1500,1500,1500,1500,1300,1300,1300,1300
29.8,2.249,0.12,0.09,-78.02,-2.842,0.514,1.979,0.363,0.022,-0.264,12.2,12.0,1500,1500,1500,1500,1300,1300,1300,1300
29.9,2.171,0.12,0.09,-77.93,-2.768,0.51,1.901,0.273,0.006,-0.386,12.2,12.0,1500,1500,1500,1500,1300,1300,1300,1300
30.0,2.171,0.12,0.09,-77.93,-2.768,0.51,1.901,0.273,0.006,-0.386,12.2,12.0,1500,1500,1500,1500,1300,1300,1300,1300
30.1,2.044,0.12,0.09,-77.84,-2.71,0.503,1.774,0.221,-0.002,-0.449,12.2,12.0,1500,1500,1500,1500,1300,1300,1300,1300
30.2,2.044,0.12,0.09,-77.84,-2.71,0.503,1.774,0.221,-0.002,-0.449,12.2,12.0,1500,1500,1500,1500,1300,1300,1300,1300
30.3,2.044,0.12,0.09,-77.84,-2.71,0.503,1.774,0.221,-0.002,-0.449,12.2,12.0,1500,1500,1500,1500,1300,1300,1300,1300
30.4,1.902,0.12,0.09,-77.75,-2.663,0.496,1.632,0.188,-0.005,-0.482,12.2,12.0,1500,1500,1500,1500,1300,1300,1300,1300
30.5,1.902,0.12,0.09,-77.75,-2.663,0.496,1.632,0.188,-0.005,-0.482,12.2,12.0,1500,1500,1500,1500,1300,1300,1300,1300
30.6,1.744,0.12,0.09,-77.66,-2.622,0.488,1.474,0.166,-0.007,-0.51,12.2,12.0,1500,1500,1500,1500,1300,1300,1300,1300
30.7,1.744,0.12,0.09,-77.66,-2.622,0.488,1.474,0.166,-0.007,-0.51,12.2,12.0,1500,1500,1500,1500,1300,1300,1300,1300
30.8,1.744,0.12,0.09,-77.66,-2.622,0.488,1.474,0.166,-0.007,-0.51,12.2,12.0,1500,1500,1500,1500,1300,1300,1300,1300
30.9,1.588,0.12,0.09,-77.57,-2.587,0.482,1.318,0.148,-0.007,-0.528,12.2,12.0,1500,1500,1500,1500,1300,1300,1300,1300
31.0,1.588,0.12,0.09,-77.57,-2.587,0.482,1.318,0.148,-0.007,-0.528,12.2,12.0,1500,1500,1500,1500,1300,1300,1300,1300
31.1,1.459,0.12,0.09,-77.49,-2.558,0.475,1.189,0.134,-0.007,-0.526,12.2,12.0,1500,1500,1500,1500,1300,1300,1300,1300
31.2,1.459,0.12,0.09,-77.49,-2.558,0.475,1.189,0.134,-0.007,-0.526,12.2,12.0,1500,1500,1500,1500,1300,1300,1300,1300
31.3,1.459,0.12,0.09,-77.49,-2.558,0.475,1.189,0.134,-0.007,-0.526,12.2,12.0,1500,1500,1500,1500,1300,1300,1300,1300
31.4,1.32,0.12,0.1,-77.41,-2.531,0.47,1.05,0.123,-0.006,-0.532,12.2,12.0,1500,1500,1500,1500,1300,1300,1300,1300
31.5,1.32,0.12,0.1,-77.41,-2.531,0.47,1.05,0.123,-0.006,-0.532,12.2,12.0,1500,1500,1500,1500,1300,1300,1300,1300
31.6,1.174,0.12,0.1,-77.33,-2.506,0.464,0.904,0.115,-0.004,-0.541,12.2,12.0,1500,1500,1500,1500,1300,1300,1300,1300
31.7,1.174,0.12,0.1,-77.33,-2.506,0.464,0.904,0.115,-0.004,-0.541,12.2,12.0,1500,1500,1500,1500,1300,1300,1300,1300
31.8,1.174,0.12,0.1,-77.33,-2.506,0.464,0.904,0.115,-0.004,-0.541,12.2,12.0,1500,1500,1500,1500,1300,1300,1300,1300
31.9,1.031,0.12,0.1,-77.25,-2.483,0.459,0.761,0.107,-0.003,-0.546,12.2,12.0,1500,1500,1500,1500,1300,1300,1300,1300
32.0,1.031,0.12,0.1,-77.25,-2.483,0.459,0.761,0.107,-0.003,-0.546,12.2,12.0,1500,1500,1500,1500,1300,1300,1300,1300
32.1,0.923,0.12,0.1,-77.18,-2.463,0.453,0.653,0.1,-0.001,-0.526,12.2,12.0,1500,1500,1500,1500,1300,1300,1300,1300
32.2,0.923,0.12,0.1,-77.18,-2.463,0.453,0.653,0.1,-0.001,-0.526,12.2,12.0,1500,1500,1500,1500,1300,1300,1300,1300
32.3,0.923,0.12,0.1,-77.18,-2.463,0.453,0.653,0.1,-0.001,-0.526,12.2,12.0,1500,1500,1500,1500,1300,1300,1300,1300
32.4,0.844,0.11,0.1,-77.1,-2.444,0.447,0.574,0.094,-0.0,-0.492,12.2,12.0,1500,1500,1500,1500,1300,1300,1300,1300
32.5,0.844,0.11,0.1,-77.1,-2.444,0.447,0.574,0.094,-0.0,-0.492,12.2,12.0,1500,1500,1500,1500,1300,1300,1300,1300
32.6,0.773,0.11,0.11,-77.03,-2.426,0.441,0.503,0.089,0.001,-0.461,12.2,12.0,1500,1500,1500,1500,1300,1300,1300,1300
32.7,0.773,0.11,0.11,-77.03,-2.426,0.441,0.503,0.089,0.001,-0.461,12.2,12.0,1500,1500,1500,1500,1300,1300,1300,1300
32.8,0.773,0.11,0.11,-77.03,-2.426,0.441,0.503,0.089,0.001,-0.461,12.2,12.0,1500,1500,1500,1500,1300,1300,1300,1300
32.9,0.687,0.11,0.11,-76.96,-2.409,0.435,0.417,0.084,0.002,-0.446,12.2,12.0,1500,1500,1500,1500,1300,1300,1300,1300
33.0,0.687,0.11,0.11,-76.96,-2.409,0.435,0.417,0.084,0.002,-0.446,12.2,12.0,1500,1500,1500,1500,1300,1300,1300,1300
33.1,0.548,0.11,0.11,-76.89,-2.394,0.429,0.278,0.08,0.003,-0.467,12.2,12.0,1500,1500,1500,1500,1300,1300,1300,1300
33.2,0.548,0.11,0.11,-76.89,-2.394,0.429,0.278,0.08,0.003,-0.467,12.2,12.0,1500,1500,1500,1500,1300,1300,1300,1300
33.3,0.548,0.11,0.11,-76.89,-2.394,0.429,0.278,0.08,0.003,-0.467,12.2,12.0,1500,1500,1500,1500,1300,1300,1300,1300
33.4,0.403,0.11,0.11,-76.82,-2.379,0.424,0.133,0.076,0.004,-0.483,12.2,12.0,1500,1500,1500,1500,1300,1300,1300,1300
33.5,0.403,0.11,0.11,-76.82,-2.379,0.424,0.133,0.076,0.004,-0.483,12.2,12.0,1500,1500,1500,1500,1300,1300,1300,1300
33.6,0.243,0.11,0.11,-76.75,-2.365,0.418,-0.027,0.073,0.005,-0.505,12.2,12.0,1500,1500,1500,1500,1300,1300,1300,1300
33.7,0.243,0.11,0.11,-76.75,-2.365,0.418,-0.027,0.073,0.005,-0.505,12.2,12.0,1500,1500,1500,1500,1300,1300,1300,1300
33.8,0.243,0.11,0.11,-76.75,-2.365,0.418,-0.027,0.073,0.005,-0.505,12.2,12.0,1500,1500,1500,1500,1300,1300,1300,1300
33.9,0.267,0.11,0.11,-76.68,-2.351,0.412,-0.003,0.069,0.004,0.198,12.2,12.0,1500,1500,1500,1500,1300,1300,1300,1300
34.0,0.267,0.11,0.11,-76.68,-2.351,0.412,-0.003,0.069,0.004,0.198,12.2,12.0,1500,1500,1500,1500,1300,1300,1300,1300
34.1,0.303,0.11,0.11,-76.62,-2.338,0.406,0.033,0.067,0.006,-0.078,12.2,12.0,1500,1500,1500,1500,1300,1300,1300,1300
34.2,0.303,0.11,0.11,-76.62,-2.338,0.406,0.033,0.067,0.006,-0.078,12.2,12.0,1500,1500,1500,1500,1300,1300,1300,1300
34.3,0.303,0.11,0.11,-76.62,-2.338,0.406,0.033,0.067,0.006,-0.078,12.2,12.0,1500,1500,1500,1500,1300,1300,1300,1300
34.4,0.287,0.1,0.11,-76.55,-2.325,0.402,0.017,0.066,0.008,-0.285,12.2,12.0,1500,1500,1500,1500,1300,1300,1300,1300
34.5,0.287,0.1,0.11,-76.55,-2.325,0.402,0.017,0.066,0.008,-0.285,12.2,12.0,1500,1500,1500,1500,1300,1300,1300,1300
34.6,0.346,0.1,0.11,-76.49,-2.313,0.397,0.076,0.063,0.008,0.293,12.6,0.0,1500,1500,1500,1500,1500,1500,1500,1500
34.7,0.346,0.1,0.11,-76.49,-2.313,0.397,0.076,0.063,0.008,0.293,12.6,0.0,1500,1500,1500,1500,1500,1500,1500,1500
34.8,0.346,0.1,0.11,-76.49,-2.313,0.397,0.076,0.063,0.008,0.293,12.6,0.0,1500,1500,1500,1500,1500,1500,1500,1500
34.9,0.453,0.1,0.11,-76.43,-2.302,0.392,0.183,0.061,0.009,0.259,12.6,0.0,1500,1500,1500,1500,1500,1500,1500,1500
35.0,0.453,0.1,0.11,-76.43,-2.302,0.392,0.183,0.061,0.009,0.259,12.6,0.0,1500,1500,1500,1500,1500,1500,1500,1500
35.1,0.523,0.1,0.11,-76.37,-2.292,0.386,0.253,0.058,0.009,0.224,12.6,0.0,1500,1500,1500,1500,1500,1500,1500,1500
35.2,0.523,0.1,0.11,-76.37,-2.292,0.386,0.253,0.058,0.009,0.224,12.6,0.0,1500,1500,1500,1500,1500,1500,1500,1500
35.3,0.523,0.1,0.11,-76.37,-2.292,0.386,0.253,0.058,0.009,0.224,12.6,0.0,1500,1500,1500,1500,1500,1500,1500,1500
35.4,0.547,0.1,0.11,-76.31,-2.282,0.381,0.277,0.057,0.01,0.176,12.6,0.0,1500,1500,1500,1500,1500,1500,1500,1500
35.5,0.547,0.1,0.11,-76.31,-2.282,0.381,0.277,0.057,0.01,0.176,12.6,0.0,1500,1500,1500,1500,1500,1500,1500,1500
35.6,0.529,0.1,0.11,-76.25,-2.273,0.376,0.259,0.055,0.011,0.115,12.6,0.0,1500,1500,1500,1500,1500,1500,1500,1500
35.7,0.529,0.1,0.11,-76.25,-2.273,0.376,0.259,0.055,0.011,0.115,12.6,0.0,1500,1500,1500,1500,1500,1500,1500,1500
35.8,0.529,0.1,0.11,-76.25,-2.273,0.376,0.259,0.055,0.011,0.115,12.6,0.0,1500,1500,1500,1500,1500,1500,1500,1500
35.9,0.518,0.1,0.11,-76.19,-2.264,0.37,0.248,0.053,0.011,0.076,12.6,0.0,1500,1500,1500,1500,1500,1500,1500,1500
36.0,0.518,0.1,0.11,-76.19,-2.264,0.37,0.248,0.053,0.011,0.076,12.6,0.0,1500,1500,1500,1500,1500,1500,1500,1500
36.1,0.529,0.1,0.11,-76.13,-2.255,0.365,0.259,0.051,0.011,0.061,12.6,0.0,1500,1500,1500,1500,1500,1500,1500,1500
36.2,0.529,0.1,0.11,-76.13,-2.255,0.365,0.259,0.051,0.011,0.061,12.6,0.0,1500,1500,1500,1500,1500,1500,1500,1500
36.3,0.529,0.1,0.11,-76.13,-2.255,0.365,0.259,0.051,0.011,0.061,12.6,0.0,1500,1500,1500,1500,1500,1500,1500,1500
36.4,0.53,0.09,0.11,-76.08,-2.246,0.359,0.26,0.05,0.011,0.039,12.6,0.0,1500,1500,1500,1500,1500,1500,1500,1500
36.5,0.53,0.09,0.11,-76.08,-2.246,0.359,0.26,0.05,0.011,0.039,12.6,0.0,1500,1500,1500,1500,1500,1500,1500,1500
36.6,0.546,0.09,0.11,-76.02,-2.237,0.355,0.276,0.048,0.011,0.035,12.6,0.0,1500,1500,1500,1500,1500,1500,1500,1500
36.7,0.546,0.09,0.11,-76.02,-2.237,0.355,0.276,0.048,0.011,0.035,12.6,0.0,1500,1500,1500,1500,1500,1500,1500,1500
36.8,0.546,0.09,0.11,-76.02,-2.237,0.355,0.276,0.048,0.011,0.035,12.6,0.0,1500,1500,1500,1500,1500,1500,1500,1500
36.9,0.54,0.09,0.11,-75.97,-2.229,0.35,0.27,0.047,0.011,0.015,12.6,0.0,1500,1500,1500,1500,1500,1500,1500,1500
37.0,0.54,0.09,0.11,-75.97,-2.229,0.35,0.27,0.047,0.011,0.015,12.6,0.0,1500,1500,1500,1500,1500,1500,1500,1500
37.1,0.543,0.09,0.11,-75.92,-2.221,0.344,0.273,0.046,0.011,0.007,12.6,0.0,1500,1500,1500,1500,1500,1500,1500,1500
37.2,0.543,0.09,0.11,-75.92,-2.221,0.344,0.273,0.046,0.011,0.007,12.6,0.0,1500,1500,1500,1500,1500,1500,1500,1500
37.3,0.543,0.09,0.11,-75.92,-2.221,0.344,0.273,0.046,0.011,0.007,12.6,0.0,1500,1500,1500,1500,1500,1500,1500,1500
37.4,0.544,0.09,0.1,-75.86,-2.213,0.339,0.274,0.044,0.011,-0.001,12.6,0.0,1500,1500,1500,1500,1500,1500,1500,1500
37.5,0.544,0.09,0.1,-75.86,-2.213,0.339,0.274,0.044,0.011,-0.001,12.6,0.0,1500,1500,1500,1500,1500,1500,1500,1500
37.6,0.546,0.09,0.1,-75.81,-2.206,0.335,0.276,0.043,0.011,-0.007,12.6,0.0,1500,1500,1500,1500,1500,1500,1500,1500
37.7,0.546,0.09,0.1,-75.81,-2.206,0.335,0.276,0.043,0.011,-0.007,12.6,0.0,1500,1500,1500,1500,1500,1500,1500,1500
37.8,0.546,0.09,0.1,-75.81,-2.206,0.335,0.276,0.043,0.011,-0.007,12.6,0.0,1500,1500,1500,1500,1500,1500,1500,1500
37.9,0.561,0.09,0.1,-75.76,-2.199,0.33,0.291,0.042,0.01,-0.004,12.6,0.0,1500,1500,1500,1500,1500,1500,1500,1500
38.0,0.561,0.09,0.1,-75.76,-2.199,0.33,0.291,0.042,0.01,-0.004,12.6,0.0,1500,1500,1500,1500,1500,1500,1500,1500
38.1,0.565,0.09,0.1,-75.71,-2.193,0.325,0.295,0.041,0.01,-0.009,12.6,0.0,1500,1500,1500,1500,1500,1500,1500,1500
38.2,0.565,0.09,0.1,-75.71,-2.193,0.325,0.295,0.041,0.01,-0.009,12.6,0.0,1500,1500,1500,1500,1500,1500,1500,1500
38.3,0.565,0.09,0.1,-75.71,-2.193,0.325,0.295,0.041,0.01,-0.009,12.6,0.0,1500,1500,1500,1500,1500,1500,1500,1500
38.4,0.58,0.09,0.1,-75.66,-2.185,0.32,0.31,0.04,0.009,-0.005,12.6,0.0,1500,1500,1500,1500,1500,1500,1500,1500
38.5,0.58,0.09,0.1,-75.66,-2.185,0.32,0.31,0.04,0.009,-0.005,12.6,0.0,1500,1500,1500,1500,1500,1500,1500,1500
38.6,0.582,0.09,0.1,-75.61,-2.178,0.315,0.312,0.039,0.009,-0.011,12.6,0.0,1500,1500,1500,1500,1500,1500,1500,1500
38.7,0.582,0.09,0.1,-75.61,-2.178,0.315,0.312,0.039,0.009,-0.011,12.6,0.0,1500,1500,1500,1500,1500,1500,1500,1500
38.8,0.582,0.09,0.1,-75.61,-2.178,0.315,0.312,0.039,0.009,-0.011,12.6,0.0,1500,1500,1500,1500,1500,1500,1500,1500
38.9,0.571,0.09,0.1,-75.55,-2.172,0.31,0.301,0.038,0.009,-0.025,12.6,0.0,1500,1500,1500,1500,1500,1500,1500,1500
39.0,0.571,0.09,0.1,-75.55,-2.172,0.31,0.301,0.038,0.009,-0.025,12.6,0.0,1500,1500,1500,1500,1500,1500,1500,1500
